http://localhost:8080/eventos/interno/palestrantes/listaPalestrantesGerenciar.xhtml;1
http://localhost:8080/eventos/;2
http://localhost:8080/eventos/javax.faces.resource/schedule/schedule.css.xhtml;3
http://localhost:8080/eventos/interno/cadastros/eventos/formCadastraAlteraDadosEventoPrincipal.xhtml;4
http://localhost:8080/eventos/interno/cadastros/eventos/formCadastraAlteraEvento.xhtml;5
http://localhost:8080/eventos/javax.faces.resource/images/ui-bg_inset-hard_100_f5f8f9_1x100.png.xhtml;6
http://localhost:8080/eventos/interno/submissoes/listaEventosPricipaisSubmissoesAbertas.xhtml;7
http://localhost:8080/eventos/interno/cadastros/areaDoTrabalho/listaAreasDoTrabalho.xhtml;8
http://localhost:8080/eventos/javax.faces.resource/charts/charts.js.xhtml;9
http://localhost:8080/eventos/javax.faces.resource/images/ui-icons_f9bd01_256x240.png.xhtml;10
http://localhost:8080/eventos/javax.faces.resource/images/ui-bg_glass_85_dfeffc_1x400.png.xhtml;11
http://localhost:8080/eventos/javax.faces.resource/schedule/schedule.js.xhtml;12
http://localhost:8080/eventos/javax.faces.resource/images/ui-bg_flat_0_aaaaaa_40x100.png.xhtml;13
http://localhost:8080/eventos/interno/inscricoes/listaMinhasIncricoes.xhtml;14
http://localhost:8080/eventos/javax.faces.resource/editor/editor.css.xhtml;15
http://localhost:8080/eventos/javax.faces.resource/images/ui-icons_217bc0_256x240.png.xhtml;16
http://localhost:8080/eventos/interno/equipe_organizadora/listaMinhasIncricoesEquipeOrganizadora.xhtml;17
http://localhost:8080/eventos/interno/avaliacoes/parciais/formAvaliacaoParcial.xhtml;18
http://localhost:8080/eventos/interno/cadastros/permissoes/cadastraPermissoesPessoaSelecionada.xhtml;19
http://localhost:8080/eventos/interno/locais_apresentacao/listaLocaisApresentacaoTrabalho.xhtml;20
http://localhost:8080/eventos/interno/cadastros/eventos/formPeriodosDeSubmissaoEvento.xhtml;21
http://localhost:8080/eventos/interno/pesquisas/buscaPadraoEventos.xhtml;22
http://localhost:8080/eventos/interno/inscricoes/listaEventosPricipaisInscricoesAbertas.xhtml;23
http://localhost:8080/eventos/interno/menu.xhtml;24
http://localhost:8080/eventos/interno/cadastros/eventos/formPeriodosDeInscricaoEvento.xhtml;25
http://localhost:8080/eventos/javax.faces.resource/components.js.xhtml;26
http://localhost:8080/eventos/javax.faces.resource/jquery/jquery-plugins.js.xhtml;27
http://localhost:8080/eventos/interno/submissoes/formSubmeterTrabalho.xhtml;28
http://localhost:8080/eventos/javax.faces.resource/components.css.xhtml;29
http://localhost:8080/eventos/interno/avaliacoes/distribuicao/formEscolheParametosDistribuicao.xhtml;30
http://localhost:8080/eventos/javax.faces.resource/images/ui-icons_d8e7f3_256x240.png.xhtml;31
http://localhost:8080/eventos/interno/paginaPublicaEvento/formConfiguracoesPaginaPublica.xhtml;32
http://localhost:8080/eventos/verArquivo;33
http://localhost:8080/eventos/interno/cadastros/areaDoTrabalho/formCadastraAreaDoTrabalho.xhtml;34
http://localhost:8080/eventos/interno/avaliacoes/distribuicao/formDistribuiSubmissoes.xhtml;35
http://localhost:8080/eventos/interno/submissoes/listaMinhasSubmissoes.xhtml;36
http://localhost:8080/eventos/javax.faces.resource/fileupload/fileupload.js.xhtml;37
http://localhost:8080/eventos/javax.faces.resource/images/ui-bg_flat_55_fbec88_40x100.png.xhtml;38
http://localhost:8080/eventos/interno/avaliacoes/parciais/listaMinhasAvaliacoes.xhtml;39
http://localhost:8080/eventos/interno/inscricoes/formInscreveseEvento.xhtml;40
http://localhost:8080/eventos/javax.faces.resource/images/ui-icons_6da8d5_256x240.png.xhtml;41
http://localhost:8080/eventos/javax.faces.resource/jsf.js.xhtml;42
http://localhost:8080/eventos/javax.faces.resource/images/ui-bg_inset-hard_100_fcfdfd_1x100.png.xhtml;43
http://localhost:8080/eventos/javax.faces.resource/fileupload/fileupload.css.xhtml;44
http://localhost:8080/eventos/javax.faces.resource/messages/messages.png.xhtml;45
http://localhost:8080/eventos/javax.faces.resource/theme.css.xhtml;46
http://localhost:8080/eventos/interno/locais_apresentacao/formLocaisApresentacaoTrabalho.xhtml;47
http://localhost:8080/eventos/javax.faces.resource/charts/charts.css.xhtml;48
http://localhost:8080/eventos/javax.faces.resource/inputnumber/inputnumber.css.xhtml;49
http://localhost:8080/eventos/javax.faces.resource/core.js.xhtml;50
http://localhost:8080/eventos/interno/cadastros/permissoes/listaPermissoesPessoaSelecionada.xhtml;51
http://localhost:8080/eventos/javax.faces.resource/jquery/jquery.js.xhtml;52
http://localhost:8080/eventos/interno/pesquisas/buscaPadraoPessoas.xhtml;53
http://localhost:8080/eventos/interno/cadastros/eventos/listaPeriodosDeInscricaoEvento.xhtml;54
http://localhost:8080/eventos/javax.faces.resource/moment/moment.js.xhtml;55
http://localhost:8080/eventos/interno/cadastros/eventos/listaPeriodosDeSubmissaoEvento.xhtml;56
http://localhost:8080/eventos/interno/cadastros/eventos/listaEventosParaGerenciar.xhtml;57
http://localhost:8080/eventos/login.xhtml;58
http://localhost:8080/eventos/javax.faces.resource/images/ui-bg_glass_75_d0e5f5_1x400.png.xhtml;59
http://localhost:8080/eventos/javax.faces.resource/images/ui-icons_469bdd_256x240.png.xhtml;60
http://localhost:8080/eventos/interno/palestrantes/formCadastraPalestranteEvento.xhtml;61
http://localhost:8080/eventos/javax.faces.resource/editor/images/toolbar.gif.xhtml;62
http://localhost:8080/eventos/javax.faces.resource/images/ui-bg_gloss-wave_55_5c9ccc_500x100.png.xhtml;63
